"Id";"Designator";"Footprint";"Quantity";"Designation";"Supplier and ref";
1;"J4,J18,J2,J14,J19,J15,J3,J16,J17,J5,J8,J7,J13,J9,J1,J6";"PinSocket_1x08_P1.27mm_Vertical";16;"Conn_01x08_Socket";;;
2;"U7,U14,U13,U8,U16,U11,U3,U5,U6,U15,U4,U2,U12,U10,U9,U1";"LGA-16_3x3mm_P0.5mm_LayoutBorder3x5y";16;"LIS3DH";;;
3;"C22,C20,C32,C12,C6,C14,C28,C8,C4,C26,C18,C24,C10,C16,C30,C2";"C_01005_0402Metric";16;"1u";;;
4;"C29,C31,C27,C7,C23,C19,C11,C13,C1,C3,C5,C25,C17,C9,C15,C21";"C_01005_0402Metric";16;"100n";;;
5;"J12";"PinHeader_1x02_P2.54mm_Vertical";1;"Conn_01x02_Socket";;;
6;"J10,J20";"PinHeader_1x08_P2.54mm_Vertical";2;"Conn_01x09_Socket";;;
7;"J11";"PinHeader_1x03_P2.54mm_Vertical";1;"Conn_01x03_Socket";;;
8;"TP16,TP19,TP24,TP1,TP48,TP53,TP35,TP59,TP12,TP37,TP31,TP47,TP21,TP38,TP45,TP27,TP64,TP30,TP58,TP2,TP6,TP55,TP63,TP34,TP61,TP3,TP33,TP14,TP25,TP60,TP62,TP11,TP56,TP13,TP15,TP23,TP8,TP54,TP4,TP26,TP46,TP50,TP52,TP28,TP49,TP32,TP22,TP17,TP42,TP5,TP18,TP40,TP57,TP41,TP39,TP29,TP43,TP9,TP7,TP44,TP36,TP51,TP10,TP20";"TestPoint_Pad_D1.0mm";64;"TestPoint";;;
